connect / as sysdba;
create user forma2 identified by forma2;
grant connect,resource to forma2;
connect forma2/forma2;
 CREATE TABLE TEMPLA               
         (NUEMPL  CHAR(6)        NOT NULL, 
         NOMBRE   VARCHAR(12)    NOT NULL, 
         INICIAL  CHAR(1)        NOT NULL, 
         APELLIDO VARCHAR(15)    NOT NULL, 
         DEPT     CHAR(3)        NOT NULL, 
         TLFN     CHAR(4)                , 
         FECHING  DATE                   , 
         CODTRA   NUMBER(3)             , 
         NIVEDUC  NUMBER(6)               , 
         SEXO     CHAR(1)                , 
         FECHNAC  DATE                   , 
         SALARIO  NUMBER(8, 2)          );
CREATE UNIQUE INDEX X1EMPLA   
       ON TEMPLA                     
       (NUEMPL ASC);
CREATE TABLE TDEPTA                    
       (NUMDEP   CHAR(3)        NOT NULL,      
        NOMDEP   VARCHAR(36)    NOT NULL,      
        NUMDIREC CHAR(6)        NOT NULL);
CREATE UNIQUE INDEX x1DEPTA     
       ON TDEPTA                       
       (NUMDEP ASC);
create table aumsal
       (nuempl    char(6) NOT NULL,
        fechaaum  DATE,
        AUMENTO   NUMBER(8,2) NOT NULL);
CREATE TABLE HIJOS
       (NUEMPL   CHAR(6) NOT NULL,
        NOMBRE   VARCHAR(12),
        APELLIDO VARCHAR(15),
        FECHNAC  DATE);
CREATE TABLE CONYUGES
        (NUEMPL   CHAR(6) NOT NULL,
        NOMBRE   VARCHAR(12),
        APELLIDO VARCHAR(15),
        FECHNAC  DATE);       
INSERT INTO AUMSAL VALUES ('000010','15.12.2000',9000.00);
INSERT INTO AUMSAL VALUES ('000020',  '15.12.2000',     9000.00);
INSERT INTO AUMSAL VALUES ('000030',  '15.01.2001',     3000.00);
INSERT INTO AUMSAL VALUES ('000050',  '20.06.2001',     3000.00);
INSERT INTO AUMSAL VALUES ('000060',  '23.05.1999',     2000.00);
INSERT INTO AUMSAL VALUES ('000070',  '14.11.1998',     4000.00);
INSERT INTO AUMSAL VALUES ('000090',  '05.03.2000',     6000.00);
INSERT INTO AUMSAL VALUES ('000110',  '20.01.2000',     3000.00);
INSERT INTO AUMSAL VALUES ('000120',  '15.06.2001',     2000.00);
INSERT INTO AUMSAL VALUES ('000130',  '05.09.2000',     6000.00);
INSERT INTO AUMSAL VALUES ('000140',  '04.11.2000',     7000.00);
INSERT INTO AUMSAL VALUES ('000150',  '20.05.2001',     6000.00);
INSERT INTO AUMSAL VALUES ('000160',  '05.03.2000',     6000.00);
INSERT INTO AUMSAL VALUES ('000170',  '05.03.2000',     6000.00);
INSERT INTO AUMSAL VALUES ('000180',  '15.04.2001',     6000.00);
INSERT INTO AUMSAL VALUES ('000190',  '20.01.2000',     3000.00);
INSERT INTO AUMSAL VALUES ('000200',  '15.04.2001',     3000.00);
INSERT INTO AUMSAL VALUES ('000210',  '20.01.2001',     3000.00);
INSERT INTO AUMSAL VALUES ('000220',  '23.05.1999',     2000.00);
INSERT INTO AUMSAL VALUES ('000230',  '14.11.1998',     4000.00);
INSERT INTO AUMSAL VALUES ('000240',  '05.03.2000',     6000.00);
INSERT INTO AUMSAL VALUES ('000250',  '15.06.2001',    6000.00);
INSERT INTO AUMSAL VALUES ('000260',  '20.01.2000',     3000.00);
INSERT INTO AUMSAL VALUES ('000280',  '05.09.2000',     6000.00);
INSERT INTO AUMSAL VALUES ('000300',  '20.01.2001',     3000.00);
INSERT INTO AUMSAL VALUES ('000310',  '05.09.2000',     6000.00);
INSERT INTO AUMSAL VALUES ('000320',  '04.11.2000',     7000.00);
INSERT INTO AUMSAL VALUES ('000330',  '20.06.2001',     6000.00);
INSERT INTO AUMSAL VALUES ('000340',  '05.03.2000',     6000.00);
       
INSERT INTO CONYUGES VALUES ('000010','JUAN','GARRIDO','15.09.1945');
INSERT INTO CONYUGES VALUES ('000050','CRISTINA','HERNANDEZ','14.08.1953');
INSERT INTO CONYUGES VALUES ('000060','CRISTINA','MARTIN','14.09.1968');
INSERT INTO CONYUGES VALUES ('000070','TOMAS','SOLER','18.12.1961');
INSERT INTO CONYUGES VALUES ('000100','EVA','PUENTE','26.05.1963');
INSERT INTO CONYUGES VALUES ('000120','ELISA','PINTO','12.04.1975');
INSERT INTO CONYUGES VALUES ('000160','SIMON','OTERO','18.10.1962');
INSERT INTO CONYUGES VALUES ('000190','MARTA','PASCUAL','03.03.1976');
INSERT INTO CONYUGES VALUES ('000210','EUGENIA','MARTINEZ','29.08.1978');
INSERT INTO CONYUGES VALUES ('000230','MIRIAM','SASTRE','21.11.1966');
INSERT INTO CONYUGES VALUES ('000310','EDUARDO','RUIZ','12.09.1944');
INSERT INTO CONYUGES VALUES ('000340','MARINA','SALVAT','07.07.1965');

INSERT INTO HIJOS VALUES ('000310','RAMON','GARCIA','07.04.1985');
INSERT INTO HIJOS VALUES ('000310','MARISA','GARCIA','12.07.1984');
INSERT INTO HIJOS VALUES ('000240','DANIEL','MARTINEZ','05.12.1999');
INSERT INTO HIJOS VALUES ('000240','JOSE','MARTINEZ','05.12.1999');
INSERT INTO HIJOS VALUES ('000230','MIRIAM','JIMENEZ','21.12.1986');
INSERT INTO HIJOS VALUES ('000220','ANTONIO','MARTIN','29.08.1998');
INSERT INTO HIJOS VALUES ('000200','FEDERICO','BONDIA','03.04.1996');
INSERT INTO HIJOS VALUES ('000180','ANA','SANCHEZ','07.07.1993');
INSERT INTO HIJOS VALUES ('000170','JORGE','YARZA','15.09.1998');
INSERT INTO HIJOS VALUES ('000120','JUAN','OTERO','05.12.1990');
INSERT INTO HIJOS VALUES ('000130','ELISA','QUINTAS','28.07.1981');
INSERT INTO HIJOS VALUES ('000100','ELENA','SOLER','15.08.1988');
INSERT INTO HIJOS VALUES ('000100','DOLORES','SOLER','30.09.1997');
INSERT INTO HIJOS VALUES ('000070','ELENA','SOLER','15.08.1988');
INSERT INTO HIJOS VALUES ('000070','DOLORES','SOLER','30.09.1997');
INSERT INTO HIJOS VALUES ('000060','ISIDRO','SUAREZ','14.09.1988');
INSERT INTO HIJOS VALUES ('000050','CARLOS','GARRIDO','01.07.1980');
INSERT INTO HIJOS VALUES ('000050','EVA','GARRIDO','17.08.1989');
INSERT INTO HIJOS VALUES ('000010','EVA','GARRIDO','17.08.1989');
INSERT INTO HIJOS VALUES ('000010','CARLOS','GARRIDO','01.07.1980');  

INSERT INTO TDEPTA VALUES ('A00','SPIFFY COMPUTER SERVICE DIV.','000010');
INSERT INTO TDEPTA VALUES ('B01','PLANNING','000020');  
INSERT INTO TDEPTA VALUES ('C01','INF.CENTER','000030');  
INSERT INTO TDEPTA VALUES ('D01','DEVELOPMENT CENTER','000260');
INSERT INTO TDEPTA VALUES ('E01','SUPPORT SERVICES','000050'); 
INSERT INTO TDEPTA VALUES ('D11','MANUFACTURING SYSTEMS','000060'); 
INSERT INTO TDEPTA VALUES ('D21','ADMINISTRATION SYSTEMS','000070');
INSERT INTO TDEPTA VALUES ('E11','OPERATIONS','000090');  
INSERT INTO TDEPTA VALUES ('E21','SOFTWARE SUPPORT','000100');

INSERT INTO TEMPLA VALUES ('000010','CRISTINA','I','HERNANDEZ','A00','3978','01.01.1985', 66.,  18,'F','14.08.1953', 52750.00);
INSERT INTO TEMPLA VALUES ('000020','MIGUEL','L','TAPIA','B01','3476','10.10.1993', 61.,  18,'M','29.02.1968',    41250.00);
INSERT INTO TEMPLA VALUES ('000030','SALOME','A','KEMPES','C01','4738','05.04.1995', 60.,  20,'F','11.05.1961',    38250.00);
INSERT INTO TEMPLA VALUES ('000050','JUAN','B','GARRIDO','E01','6789','17.08.1969', 58.,  16,'M','15.09.1945',    40175.00);
INSERT INTO TEMPLA VALUES ('000060','ISIDRO','F','SUAREZ','D11','6423','14.09.1993', 55.,  16,'M','07.07.1965',    32250.00);
INSERT INTO TEMPLA VALUES ('000070','EVA','D','PUENTE','D21','7831','30.09.2000', 56.,  16,'F','26.05.1963',    36170.00);
INSERT INTO TEMPLA VALUES ('000090','ELENA','W','HERRANZ','E11',NULL,'15.08.1990', 55.,  16,'F','15.05.1961',    32725.00);
INSERT INTO TEMPLA VALUES ('000100','TOMAS','Q','SOLER','E21','0972','19.06.2000', 54.,  14,'M','18.12.1961',    31641.50);
INSERT INTO TEMPLA VALUES ('000110','VICENTE','G','LUENGO','A00','3490','16.05.1978', 58.,  19,'M','05.11.1949',    46500.00);
INSERT INTO TEMPLA VALUES ('000120','SIMON',' ','OTERO','A00','2167','05.12.1983', 58.,  14,'M','18.10.1962',    29250.00);
INSERT INTO TEMPLA VALUES ('000130','DOLORES','M','QUINTANA','C01','4578','28.07.1991', 55.,  16,'F','15.09.1945',    28798.00);
INSERT INTO TEMPLA VALUES ('000140','HELIODORA','A','NIETO','C01','1793','15.12.1996', 56.,  18,'F','19.01.1966',    31262.00);
INSERT INTO TEMPLA VALUES ('000150','BRUNO',' ','ALVAREZ','D11',NULL,'12.02.1992', 55.,  16,'M','17.05.1967',    30588.80);
INSERT INTO TEMPLA VALUES ('000160','ELISA','R','PINTO','D11','3782','11.10.1997', 54.,  17,'F','12.04.1975',    26922.50);
INSERT INTO TEMPLA VALUES ('000170','MATEO','J','YARZA','D11','2890','15.09.1998', 54.,  16,'M','05.01.1971',    29862.80);
INSERT INTO TEMPLA VALUES ('000180','MARINA','S','SANDOVAL','D11','1682','07.07.1993', 53.,  17,'F','21.02.1969',    25821.40);
INSERT INTO TEMPLA VALUES ('000190','JAIME','H','WALKER','D11','2986','26.07.1994', 53.,  16,'M','25.06.1972',    24744.50);
INSERT INTO TEMPLA VALUES ('000200','DAVID',' ','BONDIA','D11','4501','03.03.1986', 55.,  16,'M','29.05.1961',    30514.00);
INSERT INTO TEMPLA VALUES ('000210','WENCESLAO','T','JURADO','D11','0942','11.04.1999', 52.,  17,'M','23.02.1973',    22106.70);
INSERT INTO TEMPLA VALUES ('000220','JIMENA','K','LUQUE','D11','0672','29.08.1988', 55.,  18,'F','19.03.1968',    32824.00);
INSERT INTO TEMPLA VALUES ('000230','JAIME','J','JIMENEZ','D21','2094','21.11.1986', 53.,  14,'M','30.05.1955',    26837.80);
INSERT INTO TEMPLA VALUES ('000240','SALVADOR','M','MARTINEZ','D21',NULL,'05.12.1999', 55.,  17,'M','31.03.1974',    31636.00);
INSERT INTO TEMPLA VALUES ('000250','DANIEL','S','SIERRA','D21','0961','30.10.1989', 52.,  15,'M','12.11.1959',    23207.80);
INSERT INTO TEMPLA VALUES ('000260','SUSANA','V','JUNQUERA','D21','8953','11.09.1995', 52.,  16,'F','05.10.1956',    20872.50);
INSERT INTO TEMPLA VALUES ('000270','MARIA','L','PEREZ','D21','9001','30.09.2000', 55.,  15,'F','26.05.1973',    30118.00);
INSERT INTO TEMPLA VALUES ('000280','ENGRACIA','R','SANCHEZ','E11',NULL,'24.03.1987', 54.,  17,'F','28.03.1956',    31762.50);
INSERT INTO TEMPLA VALUES ('000290','JUAN','R','PALACIOS','E11','4502','30.05.2000', 42.,  12,'M','09.07.1966',    24330.19);
INSERT INTO TEMPLA VALUES ('000300','PEDRO','X','SIERRA','E11','2095','19.06.1992', 48.,  14,'M','27.10.1956',    28152.59);
INSERT INTO TEMPLA VALUES ('000310','MATILDE','F','SERNA','E11','3332','12.09.1984', 43.,  12,'F','21.04.1951',    25218.39);
INSERT INTO TEMPLA VALUES ('000320','RAMON','V','MORAN','E21','9990','07.07.1985', 52.,  16,'M','11.08.1952',    24139.50);
INSERT INTO TEMPLA VALUES ('000330','WILLY',' ','LERMA','E21',NULL,'23.02.1996', 55.,  14,'M','18.07.1961',    30697.70);
INSERT INTO TEMPLA VALUES ('000340','JAVIER','R','GIL','E21','5698','05.05.1967', 54.,  16,'M','17.05.1946',    28846.40);

commit;
